title,adress
【蝦皮購物】折扣碼/優惠券/折價券/coupon 9/25更新,C:/Users/case-pc/Desktop/crawl/【蝦皮購物】折扣碼/AAAAAAAASh4.png
【蝦皮購物】折扣碼/優惠券/折價券/coupon 9/25更新,C:/Users/case-pc/Desktop/crawl/【蝦皮購物】折扣碼/AAAAAAAAShw.png
【肯德基】19279,C:/Users/case-pc/Desktop/crawl/【肯德基】19279/AAAAAAAATNE.png
【肯德基】19279,C:/Users/case-pc/Desktop/crawl/【肯德基】19279/AAAAAAAATNE.png
【肯德基】神魔之塔素材序號兌換,C:/Users/case-pc/Desktop/crawl/【肯德基】神魔之塔素材序號兌換/AAAAAAAATMo.jpg
【肯德基】神魔之塔素材序號兌換,C:/Users/case-pc/Desktop/crawl/【肯德基】神魔之塔素材序號兌換/AAAAAAAATM0.jpg
【統一發票】108年07-08月中獎號碼,C:/Users/case-pc/Desktop/crawl/【統一發票】108年07-08月中獎號碼/AAAAAAAATMc.png
【統一發票】108年07-08月中獎號碼,C:/Users/case-pc/Desktop/crawl/【統一發票】108年07-08月中獎號碼/AAAAAAAATMc.png
【肯德基】隱藏版優惠代號/折價券/優惠券/coupon 9/25更新,C:/Users/case-pc/Desktop/crawl/【肯德基】隱藏版優惠代號/AAAAAAAAR58.png
【肯德基】隱藏版優惠代號/折價券/優惠券/coupon 9/25更新,C:/Users/case-pc/Desktop/crawl/【肯德基】隱藏版優惠代號/AAAAAAAAR5w.png
【肯德基】隱藏版優惠代號/折價券/優惠券/coupon 9/25更新,C:/Users/case-pc/Desktop/crawl/【肯德基】隱藏版優惠代號/AAAAAAAAR0A.jpg
【肯德基】隱藏版優惠代號/折價券/優惠券/coupon 9/25更新,C:/Users/case-pc/Desktop/crawl/【肯德基】隱藏版優惠代號/AAAAAAAASo0.jpg
【肯德基】隱藏版優惠代號/折價券/優惠券/coupon 9/25更新,C:/Users/case-pc/Desktop/crawl/【肯德基】隱藏版優惠代號/AAAAAAAASpE.png
【肯德基】隱藏版優惠代號/折價券/優惠券/coupon 9/25更新,C:/Users/case-pc/Desktop/crawl/【肯德基】隱藏版優惠代號/AAAAAAAASoA.png
【肯德基】隱藏版優惠代號/折價券/優惠券/coupon 9/25更新,C:/Users/case-pc/Desktop/crawl/【肯德基】隱藏版優惠代號/AAAAAAAASts.jpg
【肯德基】隱藏版優惠代號/折價券/優惠券/coupon 9/25更新,C:/Users/case-pc/Desktop/crawl/【肯德基】隱藏版優惠代號/AAAAAAAASoI.png
【肯德基】隱藏版優惠代號/折價券/優惠券/coupon 9/25更新,C:/Users/case-pc/Desktop/crawl/【肯德基】隱藏版優惠代號/AAAAAAAASok.jpg
【肯德基】隱藏版優惠代號/折價券/優惠券/coupon 9/25更新,C:/Users/case-pc/Desktop/crawl/【肯德基】隱藏版優惠代號/AAAAAAAASt8.jpg
【肯德基】隱藏版優惠代號/折價券/優惠券/coupon 9/25更新,C:/Users/case-pc/Desktop/crawl/【肯德基】隱藏版優惠代號/AAAAAAAASuU.jpg
【肯德基】隱藏版優惠代號/折價券/優惠券/coupon 9/25更新,C:/Users/case-pc/Desktop/crawl/【肯德基】隱藏版優惠代號/AAAAAAAASuE.jpg
【肯德基】隱藏版優惠代號/折價券/優惠券/coupon 9/25更新,C:/Users/case-pc/Desktop/crawl/【肯德基】隱藏版優惠代號/AAAAAAAASt0.jpg
【肯德基】隱藏版優惠代號/折價券/優惠券/coupon 9/25更新,C:/Users/case-pc/Desktop/crawl/【肯德基】隱藏版優惠代號/AAAAAAAASpU.jpg
【肯德基】隱藏版優惠代號/折價券/優惠券/coupon 9/25更新,C:/Users/case-pc/Desktop/crawl/【肯德基】隱藏版優惠代號/AAAAAAAATNE.png
【肯德基】隱藏版優惠代號/折價券/優惠券/coupon 9/25更新,C:/Users/case-pc/Desktop/crawl/【肯德基】隱藏版優惠代號/AAAAAAAAQHU.jpg
【肯德基】隱藏版優惠代號/折價券/優惠券/coupon 9/25更新,C:/Users/case-pc/Desktop/crawl/【肯德基】隱藏版優惠代號/AAAAAAAASo8.jpg
【肯德基】隱藏版優惠代號/折價券/優惠券/coupon 9/25更新,C:/Users/case-pc/Desktop/crawl/【肯德基】隱藏版優惠代號/AAAAAAAASpM.jpg
【肯德基】隱藏版優惠代號/折價券/優惠券/coupon 9/25更新,C:/Users/case-pc/Desktop/crawl/【肯德基】隱藏版優惠代號/AAAAAAAAStg.jpg
【肯德基】隱藏版優惠代號/折價券/優惠券/coupon 9/25更新,C:/Users/case-pc/Desktop/crawl/【肯德基】隱藏版優惠代號/AAAAAAAARK0.png
【肯德基】隱藏版優惠代號/折價券/優惠券/coupon 9/25更新,C:/Users/case-pc/Desktop/crawl/【肯德基】隱藏版優惠代號/AAAAAAAARLY.png
【Hahow】折扣碼/優惠券/折價券/coupon,C:/Users/case-pc/Desktop/crawl/【Hahow】折扣碼/AAAAAAAATMI.png
【KKBOX】優惠碼/序號/折扣碼/coupon 9/24更新,C:/Users/case-pc/Desktop/crawl/【KKBOX】優惠碼/AAAAAAAAOM8.png
【KKBOX】優惠碼/序號/折扣碼/coupon 9/24更新,C:/Users/case-pc/Desktop/crawl/【KKBOX】優惠碼/AAAAAAAAPQs.png
【Expedia】折扣碼/促銷代碼/優惠券/coupon,C:/Users/case-pc/Desktop/crawl/【Expedia】折扣碼/AAAAAAAAHKk.png
【段純貞牛肉麵】優惠券/折價券/coupon,C:/Users/case-pc/Desktop/crawl/【段純貞牛肉麵】優惠券/AAAAAAAATLU.png
【段純貞牛肉麵】優惠券/折價券/coupon,C:/Users/case-pc/Desktop/crawl/【段純貞牛肉麵】優惠券/AAAAAAAATLc.jpg
【ibon mart】優惠券/折價券/折扣碼/coupon 9/23更新,C:/Users/case-pc/Desktop/crawl/【ibon mart】優惠券/AAAAAAAAGi4.jpg
【ibon mart】日韓食品大賞，滿399折50元,C:/Users/case-pc/Desktop/crawl/【ibon mart】日韓食品大賞，滿399折50元/AAAAAAAATLw.png
【KKTV】序號代碼/優惠碼/coupon 9/24更新,C:/Users/case-pc/Desktop/crawl/【KKTV】序號代碼/AAAAAAAAHDs.png
【KKTV】序號代碼/優惠碼/coupon 9/24更新,C:/Users/case-pc/Desktop/crawl/【KKTV】序號代碼/AAAAAAAAMYM.png
